Timestamp,Designation,Effective,Presentation,Interested,Q1,Q2,Q3,Topic Excited,Do you wish to attend similar webinar's,Why did you choose this webinar?,Overall rating ,Comments
6/1/20 11:48,Student,Neutral,Neutral,Neutral,Jon,EasyBuy,Exercise,Valuable,Yes,Job Demands,5,Excellent
6/1/20 11:48,Student,Agree,Strongly agree,Strongly agree,Jon,SimplyBuy,GST,Techniques more important than tools,Yes,Interest,5,It was a good webinar in understanding how to apply data science to solve business problems
6/1/20 11:49,Faculty,Agree,Strongly agree,Strongly agree,Sam,SimplyBuy,GST,It was practical and live session,Yes,Interest,4,Very informative session
6/1/20 11:49,Student,Strongly agree,Strongly agree,Strongly agree,Jon,SimplyBuy,GST,Useful,Yes,Interest,5,More courses and Intrest
6/1/20 11:49,Student,Strongly agree,Strongly agree,Strongly agree,Tyrion,IdeaBy,Exercise,All were good,Yes,Interest,5,Everything was fine
6/1/20 11:49,Faculty,Strongly agree,Strongly agree,Agree,Jon,SimplyBuy,GST,Valuable,Yes,Interest,5,Useful webinar
6/1/20 11:49,Faculty,Strongly disagree,Strongly disagree,Strongly disagree,Tyrion,SimplyBuy,GST,Clear explanation,Yes,Interest,5,Nice
6/1/20 11:49,Faculty,Strongly agree,Strongly agree,Strongly agree,Tyrion,EasyBuy,GST,It's good valuable things,Yes,Interest,5,Nil
6/1/20 11:49,Student,Strongly agree,Strongly agree,Strongly agree,Jon,SimplyBuy,GST,The insight of how everything works.,Yes,Interest,5,As always great sir
6/1/20 11:50,Student,Strongly agree,Strongly agree,Strongly agree,Tyrion,SimplyBuy,GST,Examples are easy to understand,Yes,Interest,5,No
6/1/20 11:49,Student,Strongly agree,Strongly agree,Strongly agree,Jon,SimplyBuy,GST,The easy interpretation methods,Yes,Interest,5,"Thanks for this amazing webinar.Would like to attend more of these,a"
6/1/20 11:49,Student,Strongly agree,Strongly agree,Strongly agree,Tyrion,IdeaBy,GST,The unique problem statement ,Yes,Interest,5,Wonderful 
6/1/20 11:49,Faculty,Strongly agree,Strongly agree,Strongly agree,Tyrion,SimplyBuy,GST,PRACTICABILITY,Yes,Interest,5,THANK YOU
6/1/20 11:50,Student,Disagree,Disagree,Disagree,Tyrion,IdeaBy,Medicine,Good ,Yes,Job Demands,5,Nothing 
6/1/20 11:50,Faculty,Strongly disagree,Strongly disagree,Strongly disagree,Jon,EasyBuy,Medicine,data analysis examples,Yes,Interest,5,Very informative
6/1/20 11:50,Faculty,Strongly agree,Strongly agree,Strongly agree,Jon,SimplyBuy,GST,Examples,Yes,Interest,5,Good explanation of examples...
6/1/20 11:50,Faculty,Strongly agree,Strongly agree,Strongly agree,Jon,SimplyBuy,GST,Real time examples,Yes,Interest,5,Informative session.. Good presentation
6/1/20 11:50,Student,Disagree,Disagree,Disagree,Sam,SimplyBuy,Medicine,Valuable ,Yes,Interest,4,Nice
6/1/20 11:50,Student,Strongly disagree,Strongly disagree,Strongly disagree,Jon,SimplyBuy,GST,Most valuable,Yes,Job Demands,4,Informative session
6/1/20 11:50,Faculty,Strongly agree,Strongly agree,Strongly agree,Sam,EasyBuy,GST,Simplicity and examples make it very easy to understand,Yes,Interest,5,Superb Sir...ur a wonderful  learned teacher...that' what is the need of time...we need people who make things easy and understable.
6/1/20 11:50,Student,Strongly agree,Strongly agree,Strongly agree,Jon,EasyBuy,Exercise,It's a more important to each and everyone,Yes,Interest,5,Wonderful sessions
6/1/20 11:50,Faculty,Strongly disagree,Agree,Agree,Jon,IdeaBy,Medicine,Most useful,Yes,Interest,4,Effective seminar
6/1/20 11:50,Student,Strongly agree,Strongly agree,Agree,Tyrion,IdeaBy,GST,Useful ,Yes,Interest,5,Good session 
6/1/20 11:50,Student,Strongly agree,Agree,Agree,Jon,SimplyBuy,GST,How data collection is imp,Yes,Interest,4,Nice session
6/1/20 11:50,Student,Strongly disagree,Strongly disagree,Strongly disagree,Sam,SimplyBuy,Exercise,It's very informative session.,Yes,Interest,5, I attend your every session of data science.and Want to know more about data science and graph data science 
6/1/20 11:50,Student,Strongly disagree,Strongly disagree,Strongly disagree,Tyrion,IdeaBy,Medicine,No comments,Yes,Interest,5,Great experience with data science
6/1/20 11:50,Faculty,Strongly disagree,Strongly disagree,Strongly disagree,Tyrion,SimplyBuy,Medicine,Good,Yes,Interest,5,Thanks
6/1/20 11:50,Student,Agree,Strongly agree,Agree,Tyrion,IdeaBy,Medicine,Yes,Yes,Interest,5,This session is very use ful
6/1/20 11:50,Faculty,Strongly agree,Strongly agree,Strongly agree,Jon,SimplyBuy,GST,"It was a very excellent, informative webinar. It was very clear and on point webinar which did not included any other things. Thank you very much. ",Yes,Interest,5,Excellent webinar. Really got me intrested in data science.
6/1/20 11:50,Student,Strongly agree,Strongly agree,Agree,Tyrion,SimplyBuy,GST,Yes,Yes,Interest,4,Very good.
6/1/20 11:51,Faculty,Strongly agree,Strongly agree,Strongly agree,Sam,SimplyBuy,GST,Case studies,Yes,Interest,5,It was very nice webinar
6/1/20 11:51,Faculty,Strongly disagree,Strongly disagree,Strongly disagree,Jon,SimplyBuy,GST,Data Science concept,Yes,Interest,5,Good 
6/1/20 11:51,Student,Strongly disagree,Strongly disagree,Strongly disagree,Tyrion,SimplyBuy,Exercise,Valuable for feature,Yes,Interest,4,Very nice
6/1/20 11:52,Student,Strongly agree,Strongly agree,Agree,Tyrion,SimplyBuy,GST,Data analysis and information about tools,Yes,Job Demands,4,Seminar was very informative 
6/1/20 11:51,Faculty,Agree,Agree,Agree,Jon,EasyBuy,Medicine,Health care ,Yes,Interest,4,Informative 
6/1/20 11:51,Faculty,Agree,Strongly agree,Strongly agree,Tyrion,IdeaBy,GST,DATA CONCEPTS,Yes,Interest,4,SESSION  IS GOOD
6/1/20 11:53,Student,Strongly agree,Strongly agree,Agree,Tyrion,SimplyBuy,GST,"Decision making, Problem solving",Yes,Interest,5,It was good session..
6/1/20 11:51,Faculty,Strongly agree,Strongly agree,Strongly agree,Tyrion,IdeaBy,Exercise,very useful,Yes,Interest,5,very informative
6/1/20 11:51,Faculty,Strongly agree,Strongly agree,Strongly agree,Tyrion,SimplyBuy,GST,Interpretation in more important. ,Yes,Job Demands,5,Wud like to apply this to my field
6/1/20 11:51,Faculty,Strongly agree,Strongly agree,Strongly agree,Jon,SimplyBuy,GST,Case studies of data science,Yes,Interest,5,Very informative session
6/1/20 11:55,Faculty,Agree,Agree,Agree,Jon,SimplyBuy,GST,Presentation ,Yes,Job Demands,4,It was good 
6/1/20 11:51,Student,Strongly agree,Strongly agree,Strongly agree,Sam,SimplyBuy,GST,Insights,Yes,Interest,5,Good
6/1/20 11:51,Faculty,Agree,Strongly agree,Agree,Jon,SimplyBuy,GST,Very nice examples to explain the topic,Yes,Interest,5,Excellent Webinar 
6/1/20 11:51,Faculty,Agree,Strongly agree,Agree,Tyrion,EasyBuy,GST,All session,Yes,Interest,4,Nice Session
6/1/20 11:54,Student,Agree,Agree,Agree,Tyrion,SimplyBuy,GST,.,Yes,Time offered,4,.
6/1/20 11:51,Student,Agree,Strongly agree,Strongly agree,Tyrion,SimplyBuy,GST,the basics ,Yes,Interest,5,It was very informative
6/1/20 11:51,Faculty,Agree,Agree,Strongly agree,Jon,SimplyBuy,GST,"Good examples, easy presentation",Yes,Interest,5,Good session
6/1/20 11:51,Student,Agree,Agree,Neutral,Tyrion,SimplyBuy,GST,How the spreadsheets can be used to distinguish huge amount of data based on colour and makes it easy to comprehent,Yes,Interest,5,It was good and lots of data about spreadsheets use and the colour codind specs about it
6/1/20 11:54,Faculty,Agree,Strongly agree,Strongly agree,Tyrion,SimplyBuy,GST,explaining with examples.very informative,Yes,Interest,4,very very informative session
6/1/20 11:51,Faculty,Neutral,Neutral,Neutral,Sam,EasyBuy,Medicine,Data science and use of it in various areas,Yes,Interest,5,Effective and Informative seminar 
6/1/20 11:51,Faculty,Agree,Agree,Agree,Tyrion,IdeaBy,Medicine,Each and every aspect,Yes,Job Demands,5,No comments
6/1/20 11:52,Student,Agree,Agree,Neutral,Tyrion,SimplyBuy,Medicine,useful,Yes,Interest,3,The session was very useful. 
6/1/20 11:52,Student,Strongly agree,Strongly agree,Strongly agree,Tyrion,EasyBuy,GST,NLP ,Yes,Interest,4,I am new to Data science field. I really enjoyed the session and learnt how to improve knowledge on data.
6/1/20 11:52,Faculty,Strongly agree,Strongly agree,Strongly agree,Tyrion,SimplyBuy,GST,Explanation with examples.,Yes,Interest,5,A very Nice Seminar
6/1/20 11:52,Faculty,Agree,Agree,Agree,Sam,SimplyBuy,GST,Presentation,Yes,Interest,4,Good
6/1/20 11:52,Faculty,Strongly agree,Strongly agree,Strongly agree,Jon,EasyBuy,GST,case study aspect,Yes,Interest,5,Nice Session
6/1/20 11:52,Faculty,Neutral,Neutral,Neutral,Tyrion,IdeaBy,Medicine,Data science introduction.,Yes,Interest,3,Good
6/1/20 11:52,Industry Person,Strongly agree,Strongly agree,Strongly agree,Jon,SimplyBuy,GST,"I am intrested in data science.so it is very useful for me ,which how to gather the info from what and where and that covid example is very good to understand thankyou sir. ",Yes,Interest,5,good info got
6/1/20 11:52,Faculty,Agree,Strongly agree,Agree,Jon,SimplyBuy,GST,everything,Yes,Interest,4,good
6/1/20 11:52,Faculty,Strongly disagree,Strongly disagree,Strongly disagree,Sam,SimplyBuy,GST,I understand what is data science and its use.,Yes,Interest,5,Very informative webinar Thank you
6/1/20 11:52,Faculty,Strongly agree,Strongly agree,Strongly agree,Tyrion,SimplyBuy,GST,"Simplicity, Relevant examples, Clarity",Yes,Interest,5,Would like to learn more about applications of Data Science in Life Sciences
6/1/20 11:52,Student,Strongly agree,Strongly agree,Strongly agree,Jon,SimplyBuy,Medicine,How data were organising ,Yes,Interest,5,Good
6/1/20 11:52,Student,Strongly agree,Strongly agree,Strongly agree,Sam,EasyBuy,Exercise,DOUBLE ROLE IN FORMS THAT IS A REALITY OF TODAYS WORLD,Yes,Interest,5,IT IS USEFUL AND NEW WEBINAR TOPIC I HAD ATTENDED
6/1/20 11:53,Faculty,Strongly agree,Strongly agree,Strongly agree,Sam,EasyBuy,Medicine,Data analysis,Yes,Interest,5,Interesting
6/1/20 11:56,Student,Strongly agree,Strongly agree,Strongly agree,Tyrion,SimplyBuy,GST,It is very valuable and useful too. ,Yes,Interest,5,Very informative session. 
6/1/20 11:53,Faculty,Strongly agree,Strongly agree,Strongly agree,Tyrion,SimplyBuy,GST,Resume shortlisting,Yes,Interest,5,Good session
6/1/20 11:53,Faculty,Strongly agree,Strongly agree,Strongly agree,Tyrion,SimplyBuy,GST,all about Data Science and it applications,Yes,Interest,5,"Great, Keep sharing future events if any..."
6/1/20 11:53,Faculty,Agree,Agree,Agree,Jon,IdeaBy,GST,use case examples,Yes,Interest,4,good webinar
6/1/20 11:53,Faculty,Strongly agree,Strongly agree,Strongly agree,Jon,SimplyBuy,GST,Live Examples ,Yes,Interest,5,Interesting Session 
6/1/20 11:55,Student,Strongly agree,Strongly agree,Strongly agree,Tyrion,SimplyBuy,GST,Yes,Yes,Interest,5,Best lecture
6/1/20 11:53,Student,Neutral,Neutral,Neutral,Tyrion,IdeaBy,Medicine,Useful,Yes,Interest,4,The session was very informative.
6/1/20 11:56,Faculty,Agree,Strongly agree,Agree,Tyrion,SimplyBuy,GST,"Excellent webinar, conveyed topic in simplified way. Examples were good. Day to day examples were included that was good.",Yes,Interest,5,I would like to attend such webinars.
6/1/20 11:53,Faculty,Agree,Agree,Agree,Tyrion,EasyBuy,Medicine,DS in Various Areas,Yes,Interest,5,Good.. keep doing.. 
6/1/20 11:54,Student,Strongly agree,Strongly agree,Strongly agree,Tyrion,SimplyBuy,GST,"Actually,I am very new to Datascience i have got an idea that what it is exactly and  your examples won the session ",Yes,Interest,5,"I am interested to improve my Datascience skills,but i need some free course to go ahead "
6/1/20 11:53,Faculty,Agree,Agree,Agree,Sam,SimplyBuy,GST,Data scientist role,Yes,Interest,5,Very nice presentation
6/1/20 11:53,Student,Strongly agree,Strongly agree,Strongly agree,Tyrion,SimplyBuy,GST,clear presentation explanation about concept,Yes,Interest,4,very informative excellent session
6/1/20 11:53,Faculty,Strongly agree,Strongly agree,Agree,Tyrion,EasyBuy,GST,Examples taken was awesome,Yes,Interest,4,It was awesome 
6/1/20 11:53,Faculty,Neutral,Neutral,Neutral,Jon,IdeaBy,Medicine,Useful,Yes,Interest,5,Valuable talk
6/1/20 11:53,Faculty,Strongly agree,Strongly agree,Strongly agree,Jon,EasyBuy,Medicine,everything is useful,Yes,Interest,5,nil
6/1/20 11:53,Student,Neutral,Neutral,Agree,Jon,SimplyBuy,GST,Data is most important if we know how to use it.,Yes,Interest,3,Webinar created interested in data science.
6/1/20 11:53,Faculty,Strongly agree,Strongly agree,Strongly agree,Tyrion,EasyBuy,GST,data story ,Yes,Interest,5,AWESOME
6/1/20 11:55,Faculty,Strongly agree,Strongly agree,Strongly agree,Tyrion,SimplyBuy,GST,Easy to understand presentation and examples,Yes,Interest,5,The Webinar was very interesting..
6/1/20 11:53,Student,Strongly agree,Strongly agree,Strongly agree,Jon,SimplyBuy,GST,Data of Apple For covid 19,Yes,Interest,5,informative 
6/1/20 11:55,Faculty,Strongly agree,Strongly agree,Strongly agree,Tyrion,SimplyBuy,GST,The effective presentation and very interesting and real world applications,Yes,"I am a faculty of Statistics, felt interested in seeing old wine in a new bottle :)",5,Please keep more such sessions coming..
6/1/20 11:53,Student,Neutral,Neutral,Neutral,Jon,EasyBuy,GST,To enhance my knowledge,Yes,Interest,4,It's very useful for me . Thanks for this great opportunity
6/1/20 11:54,Faculty,Strongly agree,Strongly agree,Strongly agree,Tyrion,IdeaBy,Medicine,Presentation,Yes,Interest,4,Excellent
6/1/20 11:54,Faculty,Agree,Agree,Agree,Tyrion,IdeaBy,Medicine,Communication skills,Yes,Interest,4,Excellent
6/1/20 11:54,Faculty,Strongly agree,Strongly agree,Strongly agree,Tyrion,SimplyBuy,GST,Simplified explanation,Yes,Interest,5,Interesting and Informative
6/1/20 11:54,Student,Agree,Agree,Agree,Tyrion,EasyBuy,GST,"Various examples, effective display of data",Yes,Interest,4,Very good and informative seminar. Looking forward to the next one!
6/1/20 11:57,Faculty,Strongly agree,Strongly agree,Strongly agree,Tyrion,SimplyBuy,GST,-,Yes,Interest,5,-
6/1/20 11:54,Faculty,Strongly agree,Strongly agree,Strongly agree,Sam,SimplyBuy,GST,Simple  Examples,Yes,Interest,5,looking  forward for more such webinars
6/1/20 11:54,Faculty,Agree,Agree,Agree,Tyrion,EasyBuy,GST,"The examples on contact tracing , shopping moving pattern ",Yes,Interest,5,"A very good webinar, structured content n excellent presentation. My area of interest is on Graph databases, graph algorithms n graph data science. Would love to attend more webinars on my area of interest"
6/1/20 11:54,Student,Strongly disagree,Strongly disagree,Strongly disagree,Tyrion,SimplyBuy,GST,How data science helpful in future,Yes,Interest,5,It's was very nice and helpful session
6/1/20 11:56,Faculty,Strongly disagree,Strongly disagree,Strongly disagree,Tyrion,SimplyBuy,GST,NA,Yes,Interest,4,Thank you so much sir...its very informative session...
6/1/20 11:55,Student,Strongly agree,Agree,Agree,Tyrion,SimplyBuy,GST,It‰Ûªs my pleasure to attend such a excellent seminar,Yes,Job Demands,5,Give more strength on to look on data science Field 
6/1/20 11:56,Faculty,Strongly agree,Strongly agree,Strongly agree,Tyrion,SimplyBuy,GST,Yes,Yes,Interest,5,Excellent session 
6/1/20 11:55,Faculty,Strongly agree,Strongly agree,Strongly agree,Jon,EasyBuy,Medicine,insights into data science and how data is very useful ,Yes,Interest,5,Bastin Robbins is a good speaker 
6/1/20 11:55,Faculty,Agree,Strongly agree,Agree,Tyrion,SimplyBuy,GST,different sectors of Iife comes in Data Science for making better decisions,Yes,Interest,5,Very Good sessions...Eager for future webinars
6/1/20 11:55,Faculty,Strongly agree,Strongly agree,Strongly agree,Jon,SimplyBuy,GST,To Increase knowledge,Yes,Interest,5,Very Good session
6/1/20 11:56,Student,Strongly agree,Strongly agree,Agree,Sam,EasyBuy,Medicine,This session will be greatful for me .. getting the new information about data science simplifi.,Yes,Job Demands,5,Very good.
6/1/20 11:56,Faculty,Strongly agree,Agree,Agree,Tyrion,SimplyBuy,Medicine,conversion of data using data science,Yes,want to be professional an researcher in data science,4,good session
6/1/20 11:56,Industry Person,Agree,Agree,Agree,Tyrion,SimplyBuy,GST,Data Science hierarchy and all the examples,Yes,Interest,4,Very informative session and thank you Bastin. Should also include more information about the tools and techniques used for datascience.
6/1/20 11:58,Faculty,Strongly agree,Strongly agree,Agree,Tyrion,SimplyBuy,GST,Informative,Yes,Interest,5,Good
6/1/20 11:56,Student,Strongly disagree,Neutral,Neutral,Tyrion,SimplyBuy,Medicine,Useful,Yes,Interest,4,Very good
6/1/20 12:04,Faculty,Strongly agree,Strongly agree,Strongly agree,Jon,SimplyBuy,Medicine,Incormative session for data analysis,Yes,Interest,5,Good session
6/1/20 11:56,Student,Agree,Agree,Agree,Tyrion,EasyBuy,GST,Most useful ,Yes,Interest,3,Good and interesting 
6/1/20 11:56,Faculty,Strongly agree,Strongly agree,Strongly agree,Sam,SimplyBuy,GST,Yes,Yes,Interest,5,Excellent program
6/1/20 11:56,Student,Agree,Agree,Strongly agree,Jon,SimplyBuy,GST,I really enjoyed this Seminar. I believe I would have done better if i knew more of what to study.,Yes,Interest,5,its very interesting for me . thank you sir for given me this opportunity.
6/1/20 11:56,Faculty,Strongly agree,Strongly agree,Agree,Jon,SimplyBuy,GST,using spread sheet,Yes,Interest,5,Nice session
6/1/20 11:56,Faculty,Strongly agree,Strongly agree,Agree,Tyrion,IdeaBy,Medicine,data analytics for huge dataset in excel,Yes,Interest,5,Well organized
6/1/20 11:56,Student,Agree,Strongly agree,Agree,Jon,SimplyBuy,GST,Gain lot of knowledge,Yes,Interest,4,Nice
6/1/20 11:57,Faculty,Agree,Strongly agree,Agree,Jon,IdeaBy,GST,What is actually data science,Yes,Interest,4,It was very interesting and informative webinar. Wish to attend it again.
6/1/20 11:58,Faculty,Strongly agree,Agree,Agree,Tyrion,SimplyBuy,GST,Got insights of data science,Yes,Interest,5,Overall it was good
6/1/20 11:57,Faculty,Strongly agree,Strongly agree,Strongly agree,Sam,IdeaBy,Medicine,Research,Yes,Interest,5,Useful session
6/1/20 11:57,Faculty,Strongly agree,Strongly agree,Strongly agree,Sam,IdeaBy,GST,"Yes ,it is very useful",Yes,Interest,5,Excellent
6/1/20 11:57,Student,Strongly agree,Strongly agree,Strongly agree,Tyrion,SimplyBuy,GST,The way of thinking the data science is really fantastic and so clear,Yes,Interest,5,Good presentation and the examples used for the explanation are very easy for us to understand. 
6/1/20 12:01,Faculty,Strongly agree,Strongly agree,Agree,Tyrion,SimplyBuy,GST,Valuable,Yes,Interest,5,Very nice examples specified in session
6/1/20 11:57,Faculty,Strongly agree,Strongly agree,Strongly agree,Tyrion,IdeaBy,GST,Data analysis,Yes,Interest,5,Good presentation
6/1/20 11:57,Faculty,Strongly agree,Agree,Strongly agree,Tyrion,SimplyBuy,GST,Got a deep Dive in to Data Science,Yes,Interest,5,Overall session is very Informative
6/1/20 11:57,Student,Agree,Strongly agree,Strongly agree,Tyrion,SimplyBuy,GST,the concepts in an understandable way,Yes,Interest,5,informative session
6/1/20 11:57,Faculty,Strongly agree,Strongly agree,Strongly agree,Sam,SimplyBuy,GST,data can reveal story,Yes,I want to learn,5,please conduct for chemistry
6/1/20 11:58,Faculty,Strongly agree,Strongly agree,Strongly agree,Tyrion,SimplyBuy,GST,Use of data in every step of life and learning more from it. ,Yes,Interest,5,Very interesting session. Examples and concepts were explained in easy language session. Looking for many more sessions. 
6/1/20 12:00,Student,Strongly agree,Strongly agree,Strongly agree,Tyrion,SimplyBuy,GST,Real time examples along with simple classification in excel was very useful,Yes,Interest,5,Very informative session. Expecting for practical sessions as well.
6/1/20 11:58,Faculty,Strongly agree,Strongly agree,Strongly agree,Tyrion,SimplyBuy,GST,"examples given, overall flow of presentation",Yes,i was interested to know what exactly is data science. was not aware about this before attending this webinar,5,"very interesting, simplified seminar and of course informative"
6/1/20 11:58,Faculty,Strongly agree,Strongly agree,Strongly agree,Tyrion,EasyBuy,Exercise,Data science ,Yes,Time offered,5,Very informative and knowledgeable 
6/1/20 11:58,Faculty,Strongly disagree,Strongly disagree,Strongly disagree,Tyrion,EasyBuy,Medicine,Useful,Yes,Interest,5,It was informative anf Fruitful Session.
6/1/20 12:00,Faculty,Strongly agree,Strongly agree,Strongly agree,Tyrion,SimplyBuy,GST,Data,Yes,Interest,5,Very good session.
6/1/20 11:59,Student,Agree,Agree,Agree,Tyrion,SimplyBuy,GST,how to classify data set we collect ,Yes,Interest,4,Thanks for session 
6/1/20 11:58,Student,Strongly agree,Strongly agree,Strongly agree,Tyrion,EasyBuy,GST,its simple and clear,Yes,Interest,5,Very good section
6/1/20 11:58,Faculty,Agree,Agree,Agree,Tyrion,EasyBuy,Medicine,data science,Yes,Interest,4,No
6/1/20 11:58,Faculty,Agree,Strongly agree,Neutral,Tyrion,EasyBuy,Medicine,Eg given,Yes,Time offered,4,Nill
6/1/20 11:59,Faculty,Strongly agree,Strongly agree,Strongly agree,Tyrion,SimplyBuy,Exercise,"Case studies ,specially of HIV ",Yes,Interest,5,Triggered the interest! Different way of presenting... Would like to attend more like this 
6/1/20 11:59,Faculty,Agree,Agree,Agree,Jon,SimplyBuy,GST,Very useful session,Yes,Interest,5,Very informative session
6/1/20 12:02,Student,Strongly agree,Strongly agree,Strongly agree,Tyrion,SimplyBuy,GST,prescriptive phase is the action phase for which we requires to know domain deeply.,Yes,Interest,5,good work 
6/1/20 11:59,Faculty,Strongly agree,Strongly agree,Strongly agree,Jon,SimplyBuy,GST,to understand Data and process the data,Yes,Interest,5,Informative Webinar
6/1/20 11:59,Faculty,Agree,Agree,Strongly agree,Tyrion,SimplyBuy,GST,use cases explained,Yes,Interest,4,Good
6/1/20 11:59,Faculty,Agree,Strongly agree,Strongly agree,Jon,SimplyBuy,GST,Live examples,Yes,Interest,5,Excellent Presentation
6/1/20 11:59,Student,Strongly agree,Strongly agree,Strongly agree,Tyrion,IdeaBy,Medicine,Everything was quite good,Yes,Interest,5,good
6/1/20 11:59,Student,Strongly agree,Strongly agree,Agree,Tyrion,SimplyBuy,GST,Regarding data scientists,Yes,Interest,5,Very informative webinar
6/1/20 12:01,Student,Strongly agree,Strongly agree,Strongly agree,Tyrion,SimplyBuy,GST,Valuable,Yes,Interest,5,It was really informative. 
6/1/20 11:59,Student,Strongly disagree,Strongly disagree,Strongly disagree,Jon,SimplyBuy,Exercise,Explination of supervised and unsupervised learning ,Yes,Interest,5,It was amazing session. I clearly understand the concept 
6/1/20 11:59,Student,Strongly agree,Strongly agree,Strongly agree,Jon,IdeaBy,Medicine,It's very useful ,Yes,Job Demands,5,Effective session 
6/1/20 12:01,Faculty,Strongly agree,Strongly agree,Strongly agree,Jon,SimplyBuy,GST,All the use cases were simple and the analysis of the data was excellent.The basics of ML classification and regression were clear.,Yes,Interest,5,I am interested in knowing python and ML Models with Statistics and data mining perspective...apart from the domain knowledge
6/1/20 12:00,Faculty,Agree,Strongly agree,Strongly agree,Tyrion,SimplyBuy,GST,The real life examples,Yes,Interest,5,"It was a good seminar, but was very basic. Would be interested in attending more advanced seminars on Data science"
6/1/20 12:00,Student,Strongly agree,Agree,Strongly agree,Tyrion,SimplyBuy,Medicine,The examples were very interesting and easy to understand the topic. The presentation was good.,Yes,Interest,5,Thank you for this informative session. Keep us updated for such further sessions also.
6/1/20 12:00,Faculty,Strongly agree,Agree,Strongly agree,Sam,SimplyBuy,GST,Smplification of the concept.,Yes,Interest,5,Sir has simplified the concept of data science and it is very useful for beginners.
6/1/20 12:02,Faculty,Strongly agree,Strongly agree,Strongly agree,Tyrion,SimplyBuy,GST,Very useful,Yes,Interest,5,Very useful session & well explained all the things
6/1/20 12:01,Faculty,Agree,Strongly agree,Strongly agree,Sam,SimplyBuy,Medicine,Gain knowledge,Yes,Interest,4,Overall good session
6/1/20 12:04,Faculty,Strongly agree,Strongly agree,Agree,Tyrion,SimplyBuy,GST,Simple Examples used especially using Spreadsheets to filter and analyze data,Yes,Interest,5,Excellent session. True to the name it was really simplified to understand. Need more such sessions 
6/1/20 12:00,Student,Agree,Agree,Agree,Jon,SimplyBuy,Medicine,The terms explain about DS,Yes,Interest,4,Actually nice webinar 
6/1/20 12:00,Student,Agree,Strongly agree,Agree,Tyrion,SimplyBuy,GST,Tools may come and go. But what remains is technique.,Yes,Interest,5,"Very informative webinar.I would like to attend webinar on python language."
6/1/20 12:00,Faculty,Agree,Agree,Agree,Jon,IdeaBy,GST,everything from this webinar was clear,Yes,Interest,4,Thank you sir
6/1/20 12:00,Faculty,Strongly agree,Strongly agree,Strongly agree,Tyrion,SimplyBuy,GST,all about data science,Yes,Interest,5,share future webinars if any
6/1/20 12:01,Faculty,Strongly agree,Strongly agree,Agree,Tyrion,IdeaBy,Medicine,Data Analytics ,Yes,Time offered,4,"Very nice,simplified and informative session"
6/1/20 12:01,Student,Agree,Strongly agree,Neutral,Jon,SimplyBuy,Medicine,the ascpect that sir explain about the simple buy company and the one which he was showing about the shopping ,Yes,Job Demands,4,over all it was good session.but kind of boring but when it was taking images and all it was intresting
6/1/20 12:01,Student,Strongly agree,Strongly agree,Strongly agree,Tyrion,SimplyBuy,GST,"How data became a wisdom Real life examples so great ",Yes,Interest,5,"The session was very grateful sir. Thank you sir for sharing so great knowledge with us.Please arrange this type of seminars and webinars ahead "
6/1/20 12:01,Faculty,Strongly agree,Strongly agree,Strongly agree,Jon,SimplyBuy,GST,Very interesting illustrations which increased the curiosity inthe subject.,Yes,Interest,5,Very interesting and informative webnair
6/1/20 12:01,Faculty,Strongly disagree,Strongly disagree,Strongly disagree,Tyrion,SimplyBuy,GST,During my teaching I will refer these examples for my students,Yes,Interest,5,Nice session and explained the concept with good cases
6/1/20 12:01,Student,Strongly agree,Strongly agree,Strongly agree,Jon,IdeaBy,Medicine,it is very helpful to come up with new ideas.,Yes,Interest,5,I like the webinar you explained it in clear and i want to know about the real data how they will use in industries.
6/1/20 12:08,Faculty,Strongly agree,Strongly agree,Strongly agree,Tyrion,SimplyBuy,GST,Example of Data Science are very useful ,Yes,Interest,5,Good webinar 
6/1/20 12:01,Faculty,Strongly agree,Strongly agree,Strongly agree,Jon,SimplyBuy,Medicine, Data simplicity ,Yes,Interest,5,All the  examples are very simple to understand and it's very informative session.
6/1/20 12:01,Faculty,Agree,Agree,Agree,Tyrion,IdeaBy,Medicine,Communication skills,Yes,Interest,5,Excellent
6/1/20 12:01,Faculty,Strongly agree,Strongly agree,Agree,Tyrion,EasyBuy,Exercise,Very valuable in many aspects,Yes,Interest,4,Very nice session
6/1/20 12:01,Industry Person,Strongly agree,Strongly agree,Agree,Jon,SimplyBuy,GST,The requirement of Domain Knowledge and the way he showed to get insights from the given data.,Yes,Job demands and interest.,5,A good session for introduction. Would be helpful if deep diving sessions are provided.
6/1/20 12:01,Student,Strongly agree,Strongly agree,Agree,Jon,SimplyBuy,GST,Knowledge,Yes,Interest,5,"It was good session, but I disconnected in between because of network problem."
6/1/20 12:01,Student,Strongly agree,Strongly agree,Strongly agree,Tyrion,SimplyBuy,GST,The interesting part I liked the most is about the domain analysis and the clusters ,Yes,Interest,5,The session is interesting and the presentation is very clear
6/1/20 12:03,Student,Strongly disagree,Strongly disagree,Strongly disagree,Tyrion,SimplyBuy,GST,New Concepts with well explained examples,Yes,Interest,5,Looking for more such webinar in future
6/1/20 12:03,Faculty,Strongly agree,Strongly agree,Strongly agree,Jon,SimplyBuy,Medicine,Applications,Yes,Interest,5,Nil
6/1/20 12:04,Student,Agree,Strongly agree,Agree,Tyrion,EasyBuy,Exercise,yes valuable,Yes,Interest,5,very good session
6/1/20 12:04,Student,Agree,Strongly agree,Agree,Tyrion,SimplyBuy,GST,The way they the presentation was given with examples was very useful and understandable,Yes,Interest,5,Overall the webinar was very good and simplified
6/1/20 12:04,Student,Strongly agree,Strongly agree,Strongly agree,Tyrion,SimplyBuy,GST,It helps me to get the interest on data science,Yes,Interest,5,Need more practical session while conducting webinars
6/1/20 12:04,Student,Strongly agree,Strongly agree,Strongly agree,Jon,SimplyBuy,Medicine,Insights,Yes,Interest,5,Informative session
6/1/20 12:04,Student,Strongly agree,Strongly agree,Strongly agree,Tyrion,SimplyBuy,GST,Real life example ,Yes,Interest,5,Great and useful session 
6/1/20 12:10,Faculty,Agree,Agree,Agree,Sam,SimplyBuy,GST,Most useful,Yes,Interest,4,Generate the interest in data analysis
6/1/20 12:06,Student,Strongly agree,Agree,Agree,Tyrion,SimplyBuy,GST,"Data science uses scientific methods, processes, algorithms, and systems to extract knowledge from data and leveraging this data to take major decisions is a key strategic practice for any business.",Yes,Job Demands,4,Really nice webinar... It is usefull thank you so much sir share your knowledge.
6/1/20 12:05,Faculty,Strongly agree,Strongly agree,Strongly agree,Tyrion,SimplyBuy,GST,For  teaching of data science subject with an examples,Yes,Interest,5,please take webinar on machine learning 
6/1/20 12:05,Faculty,Agree,Strongly agree,Agree,Tyrion,SimplyBuy,GST,Basics sand examples of Data Science,Yes,Interest,4,Good
6/1/20 12:05,Student,Agree,Agree,Agree,Tyrion,SimplyBuy,GST,Examples and network diagrams,Yes,Interest,5,Thank you sir for amazing webinar...It helps me to do better in data science 
6/1/20 12:05,Faculty,Strongly disagree,Strongly disagree,Strongly disagree,Tyrion,IdeaBy,Exercise,How story making is important rather than sticking into programming,Yes,Interest,4,It was good and full of interesting examples. 
6/1/20 12:05,Faculty,Strongly disagree,Strongly disagree,Strongly disagree,Tyrion,EasyBuy,Medicine," about data science, supervised learning , unsupervised learning, real applications of data science.",Yes,Interest,5,Very informative se
6/1/20 12:07,Student,Strongly agree,Strongly agree,Strongly agree,Tyrion,SimplyBuy,GST,Helpful for job,Yes,Interest,5,Outstanding session
6/1/20 12:07,Faculty,Strongly disagree,Strongly disagree,Strongly disagree,Tyrion,SimplyBuy,GST,Need of current era ,Yes,Job Demands,5, Inormative session. 
6/1/20 12:07,Faculty,Strongly agree,Strongly agree,Strongly agree,Sam,EasyBuy,Medicine,Valuable ,Yes,Interest,5,session is good 
6/1/20 12:09,Student,Agree,Strongly agree,Agree,Tyrion,SimplyBuy,GST,Job useful,Yes,Interest,5,Very Informative
6/1/20 12:08,Student,Agree,Agree,Agree,Tyrion,SimplyBuy,GST,Sentiment Analysis and data classification ,Yes,Interest,4, Thanks for session
6/1/20 12:08,Student,Strongly agree,Strongly agree,Strongly agree,Tyrion,SimplyBuy,GST,The most important aspect was the understanding of the level of knowledge one should have to make data science simplified and how wonderfully Bastin sir explained the concepts in a very basic layman terms.,Yes,Interest,5,"Bastin Robins Sir is a data science enthusiast who believes in simplicity. This session 'Data Science Simplified' was really an example of that. Without using the usual jargon that appears in the domain of data science, he simplified most of the basic concepts of the field using very interesting examples like the consulting a doctor, titanic survival data, etc. The example of the 'SimplyBuy' use case was very insightful. It did also help us in understanding how to model our resumes also, which was an additional advantage. The double dealing use case example was very fun to see. In a nutshell, Bastin Robin Sir's session was very interesting with a handful of clever insights indeed. Thank you so much for this session."
6/1/20 12:08,Faculty,Strongly agree,Strongly agree,Strongly agree,Jon,EasyBuy,Medicine,Real time examples like identifying the interest of participants through feedback from webinars,Yes,Interest,5,"This is the fourth time, I am attending your session Sir. Every time it increases my interest in data science"
6/1/20 12:09,Faculty,Strongly agree,Strongly agree,Agree,Tyrion,SimplyBuy,GST,Got deep dive into Data Science,Yes,Interest,5,Quite Informative
6/1/20 12:09,Student,Strongly agree,Strongly agree,Strongly agree,Tyrion,SimplyBuy,GST,analysis of feedback data,Yes,Interest,5,Good
6/1/20 12:10,Faculty,Strongly agree,Strongly agree,Strongly agree,Tyrion,SimplyBuy,GST,DATASCIENCE INSIGHTS ,Yes,Interest,5,INFORMATIVE
6/1/20 12:10,Faculty,Strongly agree,Strongly agree,Agree,Jon,SimplyBuy,GST,"As the name of the webinar implies ,data science concepts were really explained in simplified way ,with good examples. Thanks for informing about next webinars.",Yes,Interest,5,Very informative session.
6/1/20 12:10,Faculty,Strongly agree,Strongly agree,Agree,Tyrion,IdeaBy,GST,Valuable and useful also,Yes,Interest,4,Nicely explained
6/1/20 12:10,Faculty,Strongly agree,Strongly agree,Strongly agree,Sam,EasyBuy,Medicine,Clear the idea about data science,Yes,Interest,5,excellent webinar
6/1/20 12:15,Faculty,Strongly agree,Strongly agree,Strongly agree,Tyrion,SimplyBuy,GST,what is data science and how to use it,Yes,Interest,5,Please share the Powerpoint slides.
6/1/20 12:10,Faculty,Strongly agree,Strongly agree,Strongly agree,Sam,EasyBuy,Medicine,Clears the idea about Data Science,Yes,Interest,5,Nice Webinar
6/1/20 12:11,Student,Agree,Agree,Neutral,Tyrion,SimplyBuy,GST,Effective speaking and presentation and it is easy to understand the concepts that examples given by you.,Yes,Job Demands,4,The webinar was very good. Because of examples it  is easy to understand the concepts and it is very good starting of point for data science field.
6/1/20 12:12,Faculty,Agree,Agree,Agree,Tyrion,SimplyBuy,Medicine,Yes,Yes,Interest,4,Nine
6/1/20 12:12,Student,Strongly disagree,Strongly disagree,Strongly disagree,Tyrion,SimplyBuy,GST,I get basic knowledge about data science,Yes,Interest,5,I got basic knowledge about data science
6/1/20 12:14,Faculty,Agree,Strongly agree,Strongly agree,Tyrion,SimplyBuy,GST,yes,Yes,Interest,5,session is good
6/1/20 12:14,Student,Agree,Strongly agree,Strongly agree,Tyrion,IdeaBy,Medicine,Yes ,Yes,Job Demands,5,Nothing 
6/1/20 12:14,Student,Neutral,Neutral,Neutral,Sam,SimplyBuy,Medicine,Useful ,Yes,Interest,5,Best 
6/1/20 12:15,Student,Strongly disagree,Strongly disagree,Strongly disagree,Tyrion,IdeaBy,Medicine,All,Yes,Interest,5,No
6/1/20 12:17,Student,Strongly agree,Strongly agree,Strongly agree,Jon,SimplyBuy,Exercise,"All examples were useful like doctors,truck etc.",Yes,Interest,5,This is Useful session for me and i would like to thank you sir for to provided us such knowledgable session.And it will definitely help me to increase my interest more in doing work as data scientist in industry. Thank you for guided us and solved our doubts regarding session.
6/1/20 12:17,Faculty,Strongly agree,Strongly agree,Strongly agree,Jon,SimplyBuy,GST,Real time examples,Yes,Interest,5,Like to get help in data analytics
6/1/20 12:18,Student,Strongly agree,Strongly agree,Agree,Tyrion,EasyBuy,GST,Representation of data.,Yes,Interest,5,"Actually webinar has many aspects. The webinar gives me the brief idea about data. You gave us idea of What can be done with data? and how to do it.Thank you for having informative webinar."
6/1/20 12:18,Faculty,Agree,Agree,Agree,Sam,IdeaBy,GST,Valuable,Yes,Interest,2,Excellent Knowledge gaining 
6/1/20 12:19,Faculty,Strongly agree,Strongly agree,Strongly agree,Tyrion,EasyBuy,Medicine,Data Science put in simple words for non technical persons,Yes,Interest,5,Awareness about Data Science is the need of the hour!
6/1/20 12:19,Faculty,Strongly disagree,Strongly disagree,Strongly disagree,Tyrion,SimplyBuy,GST,Explanation with more examples,Yes,Interest,5,Excellent Webinar
6/1/20 12:19,Faculty,Strongly agree,Strongly agree,Strongly agree,Tyrion,SimplyBuy,GST,Clear presentation  with proper examples,Yes,Interest,5,Excellent 
6/1/20 12:20,Faculty,Strongly agree,Strongly agree,Strongly agree,Tyrion,IdeaBy,Medicine,Whole talk was informative,Yes,Interest,5,Very fruitful session
6/1/20 12:22,Student,Agree,Agree,Agree,Tyrion,SimplyBuy,GST,Yes,Yes,Interest,4,nice session
6/1/20 12:20,Student,Agree,Agree,Neutral,Sam,SimplyBuy,Medicine,Valuable for m4,Yes,Job Demands,5,Nothing
6/1/20 12:26,Faculty,Agree,Strongly agree,Strongly agree,Jon,SimplyBuy,GST,The simple & appropriate examples given by the speaker,Yes,Interest,4,Very useful & interest generating.
6/1/20 12:27,Faculty,Agree,Strongly agree,Strongly agree,Jon,SimplyBuy,GST,"How to pick a good programer? How to come to know most corona virus infected person?",Yes,Interest,5,It was awesome
6/1/20 12:36,Faculty,Strongly agree,Agree,Strongly agree,Tyrion,IdeaBy,Medicine,examples of data science,Yes,Interest,4,Very nice
6/1/20 12:38,Student,Agree,Strongly agree,Agree,Tyrion,EasyBuy,Medicine,Data science simplified,Yes,Interest,3,Very usefull session
6/1/20 12:44,Student,Strongly agree,Agree,Strongly agree,Tyrion,SimplyBuy,GST,Valuable ,Yes,Interest,5,Good session 
6/1/20 12:42,Faculty,Strongly agree,Strongly agree,Strongly agree,Jon,EasyBuy,Exercise,Informative ,Yes,Interest,5,Good 
6/1/20 12:42,Student,Neutral,Agree,Agree,Jon,EasyBuy,GST,Useful,Yes,Interest,5,Super
6/1/20 12:48,Faculty,Strongly agree,Strongly agree,Strongly agree,Jon,SimplyBuy,GST,Use of data science technology for business point of view,Yes,Interest,5,Nice and informative webinar
6/1/20 12:54,Industry Person,Agree,Agree,Agree,Tyrion,EasyBuy,Medicine,It has created an interest in me related to data science,Yes,Time offered,5,Nothing
6/1/20 12:55,Student,Strongly disagree,Neutral,Neutral,Jon,EasyBuy,Medicine,Useful,Yes,Time offered,4,Nice
6/1/20 12:58,Faculty,Agree,Agree,Agree,Jon,SimplyBuy,GST,Various example were sighted... ,Yes,Interest,4,"Thank you for giving a wonderful talk on Data science in a simplified way. "
6/1/20 13:13,Faculty,Strongly disagree,Strongly disagree,Strongly disagree,Tyrion,SimplyBuy,Medicine,Data Collection,Yes,Interest,5,Excellent presentation
6/1/20 13:16,Faculty,Strongly agree,Strongly agree,Strongly agree,Sam,EasyBuy,GST,For teaching,Yes,Interest,5,Very informative session
6/1/20 13:16,Student,Strongly agree,Strongly agree,Strongly agree,Jon,SimplyBuy,Medicine,More useful and valuable,Yes,Job Demands,5,Great session and knowledgeable
6/1/20 13:23,Faculty,Strongly disagree,Strongly disagree,Strongly disagree,Tyrion,IdeaBy,GST,Its very useful,Yes,Interest,5,"Very nice & informative session Need more webinar like the same"
6/1/20 13:26,Student,Strongly agree,Strongly agree,Strongly agree,Tyrion,SimplyBuy,GST,More valuable and very useful,Yes,Interest,5,Great session and knowledgeable
6/1/20 13:32,Student,Neutral,Neutral,Neutral,Jon,IdeaBy,GST,Yes,Yes,Interest,4,Good
6/1/20 13:36,Faculty,Strongly agree,Strongly agree,Strongly agree,Tyrion,SimplyBuy,GST,"data analysis of case studies like super market, Titanic case study etc.",Yes,Interest,4,very useful for new generation
6/1/20 13:45,Student,Agree,Agree,Neutral,Jon,SimplyBuy,Medicine,Useful,Yes,Interest,5,Good session
6/1/20 13:45,Student,Agree,Agree,Agree,Tyrion,SimplyBuy,Exercise,About the GST with example of truck ,Yes,Job Demands,5,Very nice session 
6/1/20 13:53,Faculty,Neutral,Neutral,Neutral,Tyrion,EasyBuy,Medicine,Due to advance in technology. ,Yes,Interest,5,Very useful presentation 
6/1/20 14:03,Faculty,Agree,Agree,Agree,Tyrion,SimplyBuy,Medicine,"Supervised learning, sentiment analysis etc",Yes,Interest,4,"Nice presentation, good communication "
6/1/20 14:04,Faculty,Strongly agree,Strongly agree,Agree,Tyrion,SimplyBuy,GST,Simplicity in presentation and examples,Yes,Interest,4,It was a good webinar. Very much useful for us in maintaining our data and also in our research work
6/1/20 14:49,Student,Strongly agree,Agree,Agree,Tyrion,IdeaBy,Medicine,Career And Technology ,Yes,Interest,4,"Damn good Webinars."
6/1/20 15:02,Student,Agree,Agree,Agree,Tyrion,SimplyBuy,Medicine, Valuable,Yes,Interest,5,This session is very good
6/1/20 15:44,Student,Agree,Strongly agree,Agree,Jon,EasyBuy,Exercise, Yes,Yes,Interest,4,-
6/1/20 15:49,Student,Strongly disagree,Strongly disagree,Strongly disagree,Tyrion,IdeaBy,GST,Data simplefied for most useful in data acceptability ,Yes,Job Demands,4,Very nice and understand is easy to useful
6/1/20 16:24,Student,Neutral,Neutral,Neutral,Sam,EasyBuy,Medicine,Cloud storage,Yes,Interest,4,Excellent 
6/1/20 16:42,Student,Agree,Agree,Agree,Tyrion,EasyBuy,Medicine,To know about data science and data ,Yes,Interest,4,Useful
6/1/20 17:58,Student,Neutral,Neutral,Neutral,Tyrion,IdeaBy,Exercise,Yes,Yes,Interest,5,Today webinar is very useful
6/1/20 21:38,Faculty,Strongly agree,Strongly agree,Strongly agree,Sam,SimplyBuy,GST,Data Science simplified ,Yes,Interest,5,This Seminar has triggered interest in Data Science field. And I would like to explore more if get opportunity.
6/1/20 22:26,Faculty,Strongly disagree,Strongly disagree,Strongly disagree,Tyrion,SimplyBuy,GST,Way of explanation with simple examples,Yes,Interest,5,Excellent
6/1/20 22:37,Faculty,Strongly agree,Strongly agree,Strongly agree,Jon,SimplyBuy,Exercise,"Getting know about to improve your business,to reduce efforts,to analyse the the things, popularity,mind tendency of people",Yes,Interest,5,Would like to join more such webinars.
6/2/20 9:19,Faculty,Agree,Agree,Agree,Tyrion,EasyBuy,GST,No,Yes,Interest,3,It‰Ûªs should contain some slides
6/2/20 11:59,Student,Strongly agree,Strongly agree,Strongly agree,Jon,IdeaBy,Medicine,it's helpful to me.,Yes,Interest,5,i want more examples using real time data how they are using in industry.
6/2/20 12:53,Industry Person,Strongly agree,Strongly agree,Strongly agree,Tyrion,IdeaBy,Medicine,In terms content ,Yes,Interest,5,Good session
6/2/20 13:43,Faculty,Strongly agree,Strongly agree,Strongly agree,Tyrion,EasyBuy,Exercise,Very nice,Yes,Interest,5,Nice fruit ful session
6/2/20 13:57,Faculty,Strongly agree,Strongly agree,Strongly agree,Tyrion,SimplyBuy,Medicine,Useful,Yes,Interest,5,Useful
6/2/20 20:18,Student,Agree,Agree,Neutral,Jon,IdeaBy,Medicine,About data science,Yes,Time offered,3,utilization of time
6/3/20 9:04,Faculty,Agree,Strongly agree,Agree,Jon,IdeaBy,Exercise,presentation,Yes,Interest,4,Nice session
6/4/20 10:37,Faculty,Agree,Strongly agree,Strongly agree,Tyrion,SimplyBuy,GST,It gave me inspiration to learn more about Data Science ,Yes,Interest,4,"Due to poor connectivity I could not listen the talk fully. So as requested during question answer session, could you please share the recording of the webinar."
6/5/20 11:17,Student,Disagree,Disagree,Disagree,Sam,SimplyBuy,Medicine,Got,Yes,Interest,5,It's interesting